<?xml version="1.0" encoding="utf-8"?>
<modification>
    <name>3x_generator</name>
	<code>3x_generator</code>
    <author>H.S.</author>
    <version>19012020</version>
    <link>https://www.opencart.com/</link>
	
	<file path="admin/view/template/catalog/manufacturer_form.twig">
		<operation error="abort">
			<search><![CDATA[<li><a href="#tab-seo" data-toggle="tab">{{ tab_seo }}</a></li>]]></search>
			<add position="after"><![CDATA[
			  <li><a href="#tab-data" data-toggle="tab">{{ tab_seodata }}</a></li>
			]]></add>
		</operation>
		<operation error="abort">
			<search><![CDATA[</form>]]></search>
			<add position="before" offset="1"><![CDATA[
				<div class="tab-pane" id="tab-data">
					<ul class="nav nav-tabs" id="language">
						{% for language in languages %}
							<li {% if loop.first %} class="active"{% endif %}><a href="#language{{ language.language_id }}" data-toggle="tab"><img src="language/{{ language.code }}/{{ language.code }}.png" title="{{ language.name }}" /> {{ language.name }}</a></li>
						{% endfor %}
					</ul>
					<div class="tab-content">
						{% for language in languages %}
						<div class="tab-pane {% if loop.first %}active{% endif %}" id="language{{ language.language_id }}">
							<div class="form-group">
								<label class="col-sm-2 control-label" for="input-description{{ language.language_id }}">{{ entry_description }}</label>
								<div class="col-sm-10">
									<textarea name="manufacturer_description[{{ language.language_id }}][description]" placeholder="{{ entry_description }}" id="input-description{{ language.language_id }}" data-toggle="summernote" data-lang="{{ summernote }}" class="form-control">{{ manufacturer_description[language.language_id] ? manufacturer_description[language.language_id].description }}</textarea>
								</div>
							</div>
							<div class="form-group">
								<label class="col-sm-2 control-label" for="input-meta-title{{ language.language_id }}">{{ entry_meta_title }}</label>
								<div class="col-sm-10">
									<input type="text" name="manufacturer_description[{{ language.language_id }}][meta_title]" value="{{ manufacturer_description[language.language_id] ? manufacturer_description[language.language_id].meta_title }}" placeholder="{{ entry_meta_title }}" id="input-meta-title{{ language.language_id }}" class="form-control" />
								</div>
							</div>
							<div class="form-group">
								<label class="col-sm-2 control-label" for="input-meta-h1{{ language.language_id }}">{{ entry_meta_h1 }}</label>
								<div class="col-sm-10">
									<input type="text" name="manufacturer_description[{{ language.language_id }}][meta_h1]" placeholder="{{ entry_meta_h1 }}" id="input-meta-h1{{ language.language_id }}" class="form-control" value="{{ manufacturer_description[language.language_id] ? manufacturer_description[language.language_id].meta_h1 }}" />
								</div>
							</div>
							<div class="form-group">
								<label class="col-sm-2 control-label" for="input-meta-description{{ language.language_id }}">{{ entry_meta_description }}</label>
								<div class="col-sm-10">
									<textarea name="manufacturer_description[{{ language.language_id }}][meta_description]" rows="5" placeholder="{{ entry_meta_description }}" id="input-meta-description{{ language.language_id }}" class="form-control">{{ manufacturer_description[language.language_id] ? manufacturer_description[language.language_id].meta_description }}</textarea>
								</div>
							</div>
							<div class="form-group">
								<label class="col-sm-2 control-label" for="input-meta-keyword{{ language.language_id }}">{{ entry_meta_keyword }}</label>
								<div class="col-sm-10">
									<input type="text" name="manufacturer_description[{{ language.language_id }}][meta_keyword]" placeholder="{{ entry_meta_keyword }}" id="input-meta-keyword{{ language.language_id }}" class="form-control" value="{{ manufacturer_description[language.language_id] ? manufacturer_description[language.language_id].meta_keyword }}" />
								</div>
							</div>
						</div>
						{% endfor %}
					</div>
				</div>
			]]></add>
		</operation>
		<operation error="abort">
			<search><![CDATA[footer]]></search>
			<add position="before"><![CDATA[
				<link href="view/javascript/codemirror/lib/codemirror.css" rel="stylesheet" />
				<link href="view/javascript/codemirror/theme/monokai.css" rel="stylesheet" />
				<script type="text/javascript" src="view/javascript/codemirror/lib/codemirror.js"></script> 
				<script type="text/javascript" src="view/javascript/codemirror/lib/xml.js"></script> 
				<script type="text/javascript" src="view/javascript/codemirror/lib/formatting.js"></script> 
				<script type="text/javascript" src="view/javascript/summernote/summernote.js"></script>
				<link href="view/javascript/summernote/summernote.css" rel="stylesheet" />
				<script type="text/javascript" src="view/javascript/summernote/summernote-image-attributes.js"></script>
				<script type="text/javascript" src="view/javascript/summernote/opencart.js"></script>
			]]></add>
		</operation>
	</file>
	<file path="admin/view/template/catalog/product_form.twig">
		<operation error="abort">
			<search><![CDATA[<label class="col-sm-2 control-label" for="input-meta-description{{ language.language_id }}">{{ entry_meta_description }}</label>]]></search>
			<add position="before" offset="1"><![CDATA[
			  <div class="form-group">
				<label class="col-sm-2 control-label" for="input-meta-h1{{ language.language_id }}">{{ entry_meta_h1 }}</label>
				<div class="col-sm-10">
				  <input type="text" name="product_description[{{ language.language_id }}][meta_h1]" value="{{ product_description[language.language_id] ? product_description[language.language_id].meta_h1 }}" placeholder="{{ entry_meta_h1 }}" id="input-meta-h1{{ language.language_id }}" class="form-control" />
				</div>
			  </div>
			]]></add>
		</operation>
	</file>
	<file path="admin/view/template/catalog/category_form.twig">
		<operation error="abort">
			<search><![CDATA[<label class="col-sm-2 control-label" for="input-meta-description{{ language.language_id }}">{{ entry_meta_description }}</label>]]></search>
			<add position="before" offset="1"><![CDATA[
			  <div class="form-group">
				<label class="col-sm-2 control-label" for="input-meta-h1{{ language.language_id }}">{{ entry_meta_h1 }}</label>
				<div class="col-sm-10">
				  <input type="text" name="category_description[{{ language.language_id }}][meta_h1]" value="{{ category_description[language.language_id] ? category_description[language.language_id].meta_h1 }}" placeholder="{{ entry_meta_h1 }}" id="input-meta-h1{{ language.language_id }}" class="form-control" />
				</div>
			  </div>
			]]></add>
		</operation>
	</file>
	<file path="admin/view/template/catalog/information_form.twig">
		<operation error="abort">
			<search><![CDATA[<label class="col-sm-2 control-label" for="input-meta-description{{ language.language_id }}">{{ entry_meta_description }}</label>]]></search>
			<add position="before" offset="1"><![CDATA[
			  <div class="form-group">
				<label class="col-sm-2 control-label" for="input-meta-h1{{ language.language_id }}">{{ entry_meta_h1 }}</label>
				<div class="col-sm-10">
				  <input type="text" name="information_description[{{ language.language_id }}][meta_h1]" value="{{ information_description[language.language_id] ? information_description[language.language_id].meta_h1 }}" id="input-meta-h1{{ language.language_id }}" class="form-control" />
				</div>
			  </div>
			]]></add>
		</operation>
	</file>
	<file path="catalog/view/theme/*/template/common/header.twig">
		<operation error="abort">
			<search><![CDATA[<h1><a href="{{ home }}">{{ name }}</a></h1>]]></search>
			<add position="replace"><![CDATA[
			  <div class="home"><a href="{{ home }}">{{ name }}</a></div>
			]]></add>
		</operation>
		<operation error="abort">
			<search><![CDATA[<link href="catalog/view/theme/default/stylesheet/stylesheet.css" rel="stylesheet">]]></search>
			<add position="after"><![CDATA[
				<style>.home {font-size: 33px;}</style>
			]]></add>
		</operation>
	</file>
	<file path="catalog/view/theme/*/template/product/category.twig">
		<operation error="abort">
			<search><![CDATA[<h2>{{ heading_title }}</h2>]]></search>
			<add position="replace"><![CDATA[
			  <h1>{{ heading_title }}</h1>
			]]></add>
		</operation>
	</file>
	<file path="catalog/view/theme/*/template/product/manufacturer_info.twig">
		<operation error="abort">
			<search><![CDATA[<h2>{{ heading_title }}</h2>]]></search>
			<add position="replace"><![CDATA[
			<h1>{{ heading_title }}</h1>
			{% if description %}
			<div class="{{ class }}">{{ description }}</div>
			{% endif %}
			]]></add>
		</operation>
	</file>
	<file path="admin/controller/catalog/manufacturer.php">
		<operation error="abort">
			<search><![CDATA[$manufacturer_info = $this->model_catalog_manufacturer->getManufacturer($this->request->get['manufacturer_id']);]]></search>
			<add position="after"><![CDATA[
			$manufacturer_description = $this->model_catalog_manufacturer->getManufacturerDescriptions($this->request->get['manufacturer_id']);
			]]></add>
		</operation>
		<operation error="abort">
			<search><![CDATA[$data['name'] = $manufacturer_info['name'];]]></search>
			<add position="after"><![CDATA[
			$data['manufacturer_description'] = $manufacturer_description;
			]]></add>
		</operation>
	</file>
	<file path="admin/model/catalog/manufacturer.php">
		<operation error="abort">
			<search><![CDATA[getManufacturers($data = array())]]></search>
			<add position="before"><![CDATA[
			public function getManufacturerDescriptions($manufacturer_id) {
				$manufacturer_description_data = array();

				$query = $this->db->query("SELECT * FROM " . DB_PREFIX . "manufacturer_description WHERE manufacturer_id = '" . (int)$manufacturer_id . "'");

				foreach ($query->rows as $result) {
					$manufacturer_description_data[$result['language_id']] = array(
						'meta_title'       => $result['meta_title'],
						'meta_description' => $result['meta_description'],
						'meta_keyword'     => $result['meta_keyword'],
						'description'      => $result['description'],
						'meta_h1'          => $result['meta_h1'],
					);
				}

				return $manufacturer_description_data;
			}
			
			]]></add>
		</operation>
		<operation error="abort">
			<search><![CDATA[$manufacturer_id = $this->db->getLastId();]]></search>
			<add position="after"><![CDATA[
			if (isset($data['manufacturer_description'])){
				foreach ($data['manufacturer_description'] as $language_id => $value) {
					$this->db->query("INSERT INTO " . DB_PREFIX . "manufacturer_description SET manufacturer_id = '" . (int)$manufacturer_id . "', language_id = '" . (int)$language_id . "', description = '" . $this->db->escape($value['description']) . "', meta_title = '" . $this->db->escape($value['meta_title']) . "', meta_description = '" . $this->db->escape($value['meta_description']) . "', meta_keyword = '" . $this->db->escape($value['meta_keyword']) . "', meta_h1 = '" . $this->db->escape($value['meta_h1']) . "'");
				}
			}
			
			]]></add>
		</operation>
		<operation error="abort">
			<search><![CDATA[editManufacturer($manufacturer_id, $data)]]></search>
			<add position="after" offset="1"><![CDATA[
			if (isset($data['manufacturer_description'])){
				foreach ($data['manufacturer_description'] as $language_id => $value) {
					$test = $this->db->query("SELECT * FROM " . DB_PREFIX . "manufacturer_description WHERE manufacturer_id = '" . (int)$manufacturer_id . "' AND language_id = '" . (int)$language_id . "'");

					if($test->num_rows != 0 ){
						$this->db->query("UPDATE " . DB_PREFIX . "manufacturer_description SET description = '" . $this->db->escape($value['description']) . "', meta_title = '" . $this->db->escape($value['meta_title']) . "', meta_description = '" . $this->db->escape($value['meta_description']) . "', meta_keyword = '" . $this->db->escape($value['meta_keyword']) . "', meta_h1 = '" . $this->db->escape($value['meta_h1']) . "' WHERE manufacturer_id = '" . (int)$manufacturer_id . "' AND language_id = '" . (int)$language_id . "'");
					}
					else{
						$this->db->query("INSERT INTO " . DB_PREFIX . "manufacturer_description SET manufacturer_id = '" . (int)$manufacturer_id . "', language_id = '" . (int)$language_id . "', description = '" . $this->db->escape($value['description']) . "', meta_title = '" . $this->db->escape($value['meta_title']) . "', meta_description = '" . $this->db->escape($value['meta_description']) . "', meta_keyword = '" . $this->db->escape($value['meta_keyword']) . "', meta_h1 = '" . $this->db->escape($value['meta_h1']) . "'");
					}
				}
			}
			
			]]></add>
		</operation>
		<operation error="abort">
			<search><![CDATA[deleteManufacturer($manufacturer_id)]]></search>
			<add position="after" offset="1"><![CDATA[
				$this->db->query("DELETE FROM `" . DB_PREFIX . "manufacturer_description` WHERE manufacturer_id = '" . (int)$manufacturer_id . "'");
			]]></add>
		</operation>
	</file>
	<file path="admin/model/catalog/{product,category,information}*.php">
		<operation error="abort">
			<search><![CDATA[meta_keyword = '" . $this->db->escape($value['meta_keyword']) . "']]></search>
			<add position="replace"><![CDATA[meta_keyword = '" . $this->db->escape($value['meta_keyword']) . "', meta_h1 = '" . $this->db->escape($value['meta_h1']) . "']]></add>
		</operation>
		<operation error="skip">
			<search><![CDATA['meta_keyword'     => $result['meta_keyword'],]]></search>
			<add position="after"><![CDATA[
			'meta_h1' => $result['meta_h1'],
			]]></add>
		</operation>
		<operation error="skip">
			<search><![CDATA[$product_description_data = array();]]></search>
			<add position="after"><![CDATA[
			$query = $this->db->query("DESC `" . DB_PREFIX . "product_description`");
			$fields = array();
			foreach($query->rows as $row) {
				$fields[] = $row['Field'];
			}
			if(!in_array("meta_h1", $fields)) {
				$this->db->query("ALTER TABLE `" . DB_PREFIX . "product_description` ADD `meta_h1` VARCHAR(255) NOT NULL AFTER `meta_keyword`");	
			}	
			]]></add>
		</operation>
		<operation error="skip">
			<search><![CDATA[$category_description_data = array();]]></search>
			<add position="after"><![CDATA[
			$query = $this->db->query("DESC `" . DB_PREFIX . "category_description`");
			$fields = array();
			foreach($query->rows as $row) {
				$fields[] = $row['Field'];
			}
			if(!in_array("meta_h1", $fields)) {
				$this->db->query("ALTER TABLE `" . DB_PREFIX . "category_description` ADD `meta_h1` VARCHAR(255) NOT NULL AFTER `meta_keyword`");	
			}	
			]]></add>
		</operation>
		<operation error="skip">
			<search><![CDATA[$information_description_data = array();]]></search>
			<add position="after"><![CDATA[
			$query = $this->db->query("DESC `" . DB_PREFIX . "information_description`");
			$fields = array();
			foreach($query->rows as $row) {
				$fields[] = $row['Field'];
			}
			if(!in_array("meta_h1", $fields)) {
				$this->db->query("ALTER TABLE `" . DB_PREFIX . "information_description` ADD `meta_h1` VARCHAR(255) NOT NULL AFTER `meta_keyword`");	
			}	
			]]></add>
		</operation>
	</file>
	<file path="catalog/model/catalog/product.php">
		<operation error="abort">
			<search><![CDATA['meta_keyword'     => $query->row['meta_keyword'],]]></search>
			<add position="after"><![CDATA[
			'meta_h1'     => $query->row['meta_h1'],
			]]></add>
		</operation>
	</file>
	<file path="catalog/controller/product/product.php">
		<operation error="abort">
			<search><![CDATA[$data['heading_title'] = $product_info['name'];]]></search>
			<add position="replace"><![CDATA[
			$data['heading_title'] = $product_info['meta_h1'] ? $product_info['meta_h1'] : $product_info['name'];
			]]></add>
		</operation>
	</file>
	<file path="catalog/controller/product/category.php">
		<operation error="abort">
			<search><![CDATA[$data['heading_title'] = $category_info['name'];]]></search>
			<add position="replace"><![CDATA[
			$data['heading_title'] = $category_info['meta_h1'] ? $category_info['meta_h1'] : $category_info['name'];
			]]></add>
		</operation>
	</file>
	<file path="catalog/controller/product/manufacturer.php">
		<operation error="abort">
			<search><![CDATA[$this->document->setTitle($manufacturer_info['name']);]]></search>
			<add position="replace"><![CDATA[
			if (!empty($manufacturer_info['meta_title'])) {
				$this->document->setTitle($manufacturer_info['meta_title']);
			} else {
				$this->document->setTitle($manufacturer_info['name']);
			}

			if (!empty($manufacturer_info['meta_description'])) {
				$this->document->setDescription($manufacturer_info['meta_description']);
			}
			if (!empty($manufacturer_info['meta_keyword'])) {
				$this->document->setKeywords($manufacturer_info['meta_keyword']);
			}
			if (!empty($manufacturer_info['description'])) {
				$data['description'] = html_entity_decode($manufacturer_info['description'], ENT_QUOTES, 'UTF-8');
			}
			]]></add>
		</operation>
		<operation error="abort">
			<search><![CDATA[$data['heading_title'] = $manufacturer_info['name'];]]></search>
			<add position="replace"><![CDATA[
			if (!empty($manufacturer_info['meta_h1'])) {
				
				$data['heading_title'] = $manufacturer_info['meta_h1'];
			
			} else {
			
				$data['heading_title'] = $manufacturer_info['name'];
			
			}
			]]></add>
		</operation>
	</file>
	<file path="catalog/model/catalog/manufacturer.php">
		<operation error="abort">
			<search><![CDATA[return $query->row;]]></search>
			<add position="replace"><![CDATA[
			$desc = $this->db->query("SELECT * FROM `" . DB_PREFIX . "manufacturer_description` WHERE manufacturer_id = '" . (int)$manufacturer_id . "' AND language_id = '" . (int)$this->config->get('config_language_id') . "'");
			$merge = array_merge($query->row, $desc->row);
			return $merge;
			]]></add>
		</operation>
	</file>
	<file path="catalog/controller/information/information.php">
		<operation error="abort">
			<search><![CDATA[$data['heading_title'] = $information_info['title'];]]></search>
			<add position="replace"><![CDATA[
			$data['heading_title'] = $information_info['meta_h1'] ? $information_info['meta_h1'] : $information_info['title'];
			]]></add>
		</operation>
	</file>
	<file path="admin/language/en-gb/en-gb.php">
		<operation error="abort">
			<search><![CDATA[tab_google]]></search>
			<add position="after"><![CDATA[
			$_['tab_seodata']                   = 'SEO Data';
			]]></add>
		</operation>
	</file>
	<file path="admin/language/ru-ru/ru-ru.php">
		<operation error="abort">
			<search><![CDATA[tab_google]]></search>
			<add position="after"><![CDATA[
			$_['tab_seodata']                   = 'Данные SEO';
			]]></add>
		</operation>
	</file>
	<file path="admin/language/en-gb/catalog/manufacturer.php">
		<operation error="abort">
			<search><![CDATA[entry_type]]></search>
			<add position="after"><![CDATA[
			$_['entry_description'] = 'Description';
			$_['entry_meta_title']  = 'Meta Title';
			$_['entry_meta_h1']     = 'Meta H1';
			$_['entry_meta_description']= 'Meta Description';
			$_['entry_meta_keyword']= 'Meta Keyword';
			]]></add>
		</operation>
	</file>
	<file path="admin/language/ru-ru/catalog/manufacturer.php">
		<operation error="abort">
			<search><![CDATA[entry_type]]></search>
			<add position="after"><![CDATA[
			$_['entry_description'] = 'Описание';
			$_['entry_meta_title']  = 'Meta Title';
			$_['entry_meta_h1']     = 'Meta H1';
			$_['entry_meta_description']= 'Meta Description';
			$_['entry_meta_keyword']= 'Meta Keyword';
			]]></add>
		</operation>
	</file>
	<file path="admin/language/en-gb/catalog/product.php">
		<operation error="abort">
			<search><![CDATA[entry_meta_title]]></search>
			<add position="after"><![CDATA[
			$_['entry_meta_h1']     = 'Meta Tag H1';
			]]></add>
		</operation>
	</file>
	<file path="admin/language/ru-ru/catalog/product.php">
		<operation error="abort">
			<search><![CDATA[entry_meta_title]]></search>
			<add position="after"><![CDATA[
			$_['entry_meta_h1']     = 'Мета-тег H1';
			]]></add>
		</operation>
	</file>
	<file path="admin/language/en-gb/catalog/category.php">
		<operation error="abort">
			<search><![CDATA[entry_meta_title]]></search>
			<add position="after"><![CDATA[
			$_['entry_meta_h1']     = 'Meta Tag H1';
			]]></add>
		</operation>
	</file>
	<file path="admin/language/ru-ru/catalog/category.php">
		<operation error="abort">
			<search><![CDATA[entry_meta_title]]></search>
			<add position="after"><![CDATA[
			$_['entry_meta_h1']     = 'Мета-тег H1';
			]]></add>
		</operation>
	</file>
	<file path="admin/language/en-gb/catalog/information.php">
		<operation error="abort">
			<search><![CDATA[entry_meta_title]]></search>
			<add position="after"><![CDATA[
			$_['entry_meta_h1']     = 'Meta Tag H1';
			]]></add>
		</operation>
	</file>
	<file path="admin/language/ru-ru/catalog/information.php">
		<operation error="abort">
			<search><![CDATA[entry_meta_title]]></search>
			<add position="after"><![CDATA[
			$_['entry_meta_h1']     = 'Мета-тег H1';
			]]></add>
		</operation>
	</file>
</modification>